<?xml version="1.0" encoding="UTF-8"?>
<root>
  <item name="com.googlecode.tesseract.android.PageIterator android.graphics.Rect getBoundingRect(int) 0">
    <annotation name="androidx.annotation.IntDef">
      <val name="value" val="{com.googlecode.tesseract.android.TessBaseAPI.PageIteratorLevel.RIL_BLOCK, com.googlecode.tesseract.android.TessBaseAPI.PageIteratorLevel.RIL_PARA, com.googlecode.tesseract.android.TessBaseAPI.PageIteratorLevel.RIL_TEXTLINE, com.googlecode.tesseract.android.TessBaseAPI.PageIteratorLevel.RIL_WORD, com.googlecode.tesseract.android.TessBaseAPI.PageIteratorLevel.RIL_SYMBOL}" />
    </annotation>
  </item>
  <item name="com.googlecode.tesseract.android.PageIterator boolean next(int) 0">
    <annotation name="androidx.annotation.IntDef">
      <val name="value" val="{com.googlecode.tesseract.android.TessBaseAPI.PageIteratorLevel.RIL_BLOCK, com.googlecode.tesseract.android.TessBaseAPI.PageIteratorLevel.RIL_PARA, com.googlecode.tesseract.android.TessBaseAPI.PageIteratorLevel.RIL_TEXTLINE, com.googlecode.tesseract.android.TessBaseAPI.PageIteratorLevel.RIL_WORD, com.googlecode.tesseract.android.TessBaseAPI.PageIteratorLevel.RIL_SYMBOL}" />
    </annotation>
  </item>
  <item name="com.googlecode.tesseract.android.PageIterator int[] getBoundingBox(int) 0">
    <annotation name="androidx.annotation.IntDef">
      <val name="value" val="{com.googlecode.tesseract.android.TessBaseAPI.PageIteratorLevel.RIL_BLOCK, com.googlecode.tesseract.android.TessBaseAPI.PageIteratorLevel.RIL_PARA, com.googlecode.tesseract.android.TessBaseAPI.PageIteratorLevel.RIL_TEXTLINE, com.googlecode.tesseract.android.TessBaseAPI.PageIteratorLevel.RIL_WORD, com.googlecode.tesseract.android.TessBaseAPI.PageIteratorLevel.RIL_SYMBOL}" />
    </annotation>
  </item>
  <item name="com.googlecode.tesseract.android.ResultIterator boolean isAtBeginningOf(int) 0">
    <annotation name="androidx.annotation.IntDef">
      <val name="value" val="{com.googlecode.tesseract.android.TessBaseAPI.PageIteratorLevel.RIL_BLOCK, com.googlecode.tesseract.android.TessBaseAPI.PageIteratorLevel.RIL_PARA, com.googlecode.tesseract.android.TessBaseAPI.PageIteratorLevel.RIL_TEXTLINE, com.googlecode.tesseract.android.TessBaseAPI.PageIteratorLevel.RIL_WORD, com.googlecode.tesseract.android.TessBaseAPI.PageIteratorLevel.RIL_SYMBOL}" />
    </annotation>
  </item>
  <item name="com.googlecode.tesseract.android.ResultIterator boolean isAtFinalElement(int, int) 0">
    <annotation name="androidx.annotation.IntDef">
      <val name="value" val="{com.googlecode.tesseract.android.TessBaseAPI.PageIteratorLevel.RIL_BLOCK, com.googlecode.tesseract.android.TessBaseAPI.PageIteratorLevel.RIL_PARA, com.googlecode.tesseract.android.TessBaseAPI.PageIteratorLevel.RIL_TEXTLINE, com.googlecode.tesseract.android.TessBaseAPI.PageIteratorLevel.RIL_WORD, com.googlecode.tesseract.android.TessBaseAPI.PageIteratorLevel.RIL_SYMBOL}" />
    </annotation>
  </item>
  <item name="com.googlecode.tesseract.android.ResultIterator boolean isAtFinalElement(int, int) 1">
    <annotation name="androidx.annotation.IntDef">
      <val name="value" val="{com.googlecode.tesseract.android.TessBaseAPI.PageIteratorLevel.RIL_BLOCK, com.googlecode.tesseract.android.TessBaseAPI.PageIteratorLevel.RIL_PARA, com.googlecode.tesseract.android.TessBaseAPI.PageIteratorLevel.RIL_TEXTLINE, com.googlecode.tesseract.android.TessBaseAPI.PageIteratorLevel.RIL_WORD, com.googlecode.tesseract.android.TessBaseAPI.PageIteratorLevel.RIL_SYMBOL}" />
    </annotation>
  </item>
  <item name="com.googlecode.tesseract.android.ResultIterator float confidence(int) 0">
    <annotation name="androidx.annotation.IntDef">
      <val name="value" val="{com.googlecode.tesseract.android.TessBaseAPI.PageIteratorLevel.RIL_BLOCK, com.googlecode.tesseract.android.TessBaseAPI.PageIteratorLevel.RIL_PARA, com.googlecode.tesseract.android.TessBaseAPI.PageIteratorLevel.RIL_TEXTLINE, com.googlecode.tesseract.android.TessBaseAPI.PageIteratorLevel.RIL_WORD, com.googlecode.tesseract.android.TessBaseAPI.PageIteratorLevel.RIL_SYMBOL}" />
    </annotation>
  </item>
  <item name="com.googlecode.tesseract.android.ResultIterator java.lang.String getUTF8Text(int) 0">
    <annotation name="androidx.annotation.IntDef">
      <val name="value" val="{com.googlecode.tesseract.android.TessBaseAPI.PageIteratorLevel.RIL_BLOCK, com.googlecode.tesseract.android.TessBaseAPI.PageIteratorLevel.RIL_PARA, com.googlecode.tesseract.android.TessBaseAPI.PageIteratorLevel.RIL_TEXTLINE, com.googlecode.tesseract.android.TessBaseAPI.PageIteratorLevel.RIL_WORD, com.googlecode.tesseract.android.TessBaseAPI.PageIteratorLevel.RIL_SYMBOL}" />
    </annotation>
  </item>
  <item name="com.googlecode.tesseract.android.TessBaseAPI boolean init(java.lang.String, java.lang.String, int) 2">
    <annotation name="androidx.annotation.IntDef">
      <val name="value" val="{com.googlecode.tesseract.android.TessBaseAPI.OEM_TESSERACT_ONLY, com.googlecode.tesseract.android.TessBaseAPI.OEM_LSTM_ONLY, com.googlecode.tesseract.android.TessBaseAPI.OEM_TESSERACT_LSTM_COMBINED, com.googlecode.tesseract.android.TessBaseAPI.OEM_DEFAULT}" />
    </annotation>
  </item>
  <item name="com.googlecode.tesseract.android.TessBaseAPI int getPageSegMode()">
    <annotation name="androidx.annotation.IntDef">
      <val name="value" val="{com.googlecode.tesseract.android.TessBaseAPI.PageSegMode.PSM_OSD_ONLY, com.googlecode.tesseract.android.TessBaseAPI.PageSegMode.PSM_AUTO_OSD, com.googlecode.tesseract.android.TessBaseAPI.PageSegMode.PSM_AUTO_ONLY, com.googlecode.tesseract.android.TessBaseAPI.PageSegMode.PSM_AUTO, com.googlecode.tesseract.android.TessBaseAPI.PageSegMode.PSM_SINGLE_COLUMN, com.googlecode.tesseract.android.TessBaseAPI.PageSegMode.PSM_SINGLE_BLOCK_VERT_TEXT, com.googlecode.tesseract.android.TessBaseAPI.PageSegMode.PSM_SINGLE_BLOCK, com.googlecode.tesseract.android.TessBaseAPI.PageSegMode.PSM_SINGLE_LINE, com.googlecode.tesseract.android.TessBaseAPI.PageSegMode.PSM_SINGLE_WORD, com.googlecode.tesseract.android.TessBaseAPI.PageSegMode.PSM_CIRCLE_WORD, com.googlecode.tesseract.android.TessBaseAPI.PageSegMode.PSM_SINGLE_CHAR, com.googlecode.tesseract.android.TessBaseAPI.PageSegMode.PSM_SPARSE_TEXT, com.googlecode.tesseract.android.TessBaseAPI.PageSegMode.PSM_SPARSE_TEXT_OSD}" />
    </annotation>
  </item>
  <item name="com.googlecode.tesseract.android.TessBaseAPI int nativeGetPageSegMode(long)">
    <annotation name="androidx.annotation.IntDef">
      <val name="value" val="{com.googlecode.tesseract.android.TessBaseAPI.PageSegMode.PSM_OSD_ONLY, com.googlecode.tesseract.android.TessBaseAPI.PageSegMode.PSM_AUTO_OSD, com.googlecode.tesseract.android.TessBaseAPI.PageSegMode.PSM_AUTO_ONLY, com.googlecode.tesseract.android.TessBaseAPI.PageSegMode.PSM_AUTO, com.googlecode.tesseract.android.TessBaseAPI.PageSegMode.PSM_SINGLE_COLUMN, com.googlecode.tesseract.android.TessBaseAPI.PageSegMode.PSM_SINGLE_BLOCK_VERT_TEXT, com.googlecode.tesseract.android.TessBaseAPI.PageSegMode.PSM_SINGLE_BLOCK, com.googlecode.tesseract.android.TessBaseAPI.PageSegMode.PSM_SINGLE_LINE, com.googlecode.tesseract.android.TessBaseAPI.PageSegMode.PSM_SINGLE_WORD, com.googlecode.tesseract.android.TessBaseAPI.PageSegMode.PSM_CIRCLE_WORD, com.googlecode.tesseract.android.TessBaseAPI.PageSegMode.PSM_SINGLE_CHAR, com.googlecode.tesseract.android.TessBaseAPI.PageSegMode.PSM_SPARSE_TEXT, com.googlecode.tesseract.android.TessBaseAPI.PageSegMode.PSM_SPARSE_TEXT_OSD}" />
    </annotation>
  </item>
  <item name="com.googlecode.tesseract.android.TessBaseAPI void setPageSegMode(int) 0">
    <annotation name="androidx.annotation.IntDef">
      <val name="value" val="{com.googlecode.tesseract.android.TessBaseAPI.PageSegMode.PSM_OSD_ONLY, com.googlecode.tesseract.android.TessBaseAPI.PageSegMode.PSM_AUTO_OSD, com.googlecode.tesseract.android.TessBaseAPI.PageSegMode.PSM_AUTO_ONLY, com.googlecode.tesseract.android.TessBaseAPI.PageSegMode.PSM_AUTO, com.googlecode.tesseract.android.TessBaseAPI.PageSegMode.PSM_SINGLE_COLUMN, com.googlecode.tesseract.android.TessBaseAPI.PageSegMode.PSM_SINGLE_BLOCK_VERT_TEXT, com.googlecode.tesseract.android.TessBaseAPI.PageSegMode.PSM_SINGLE_BLOCK, com.googlecode.tesseract.android.TessBaseAPI.PageSegMode.PSM_SINGLE_LINE, com.googlecode.tesseract.android.TessBaseAPI.PageSegMode.PSM_SINGLE_WORD, com.googlecode.tesseract.android.TessBaseAPI.PageSegMode.PSM_CIRCLE_WORD, com.googlecode.tesseract.android.TessBaseAPI.PageSegMode.PSM_SINGLE_CHAR, com.googlecode.tesseract.android.TessBaseAPI.PageSegMode.PSM_SPARSE_TEXT, com.googlecode.tesseract.android.TessBaseAPI.PageSegMode.PSM_SPARSE_TEXT_OSD}" />
    </annotation>
  </item>
  <item name="com.googlecode.tesseract.android.TessBaseAPI.OcrEngineMode">
    <annotation name="androidx.annotation.IntDef">
      <val name="value" val="{com.googlecode.tesseract.android.TessBaseAPI.OEM_TESSERACT_ONLY, com.googlecode.tesseract.android.TessBaseAPI.OEM_LSTM_ONLY, com.googlecode.tesseract.android.TessBaseAPI.OEM_TESSERACT_LSTM_COMBINED, com.googlecode.tesseract.android.TessBaseAPI.OEM_DEFAULT}" />
    </annotation>
  </item>
  <item name="com.googlecode.tesseract.android.TessBaseAPI.PageIteratorLevel.Level">
    <annotation name="androidx.annotation.IntDef">
      <val name="value" val="{com.googlecode.tesseract.android.TessBaseAPI.PageIteratorLevel.RIL_BLOCK, com.googlecode.tesseract.android.TessBaseAPI.PageIteratorLevel.RIL_PARA, com.googlecode.tesseract.android.TessBaseAPI.PageIteratorLevel.RIL_TEXTLINE, com.googlecode.tesseract.android.TessBaseAPI.PageIteratorLevel.RIL_WORD, com.googlecode.tesseract.android.TessBaseAPI.PageIteratorLevel.RIL_SYMBOL}" />
    </annotation>
  </item>
  <item name="com.googlecode.tesseract.android.TessBaseAPI.PageSegMode.Mode">
    <annotation name="androidx.annotation.IntDef">
      <val name="value" val="{com.googlecode.tesseract.android.TessBaseAPI.PageSegMode.PSM_OSD_ONLY, com.googlecode.tesseract.android.TessBaseAPI.PageSegMode.PSM_AUTO_OSD, com.googlecode.tesseract.android.TessBaseAPI.PageSegMode.PSM_AUTO_ONLY, com.googlecode.tesseract.android.TessBaseAPI.PageSegMode.PSM_AUTO, com.googlecode.tesseract.android.TessBaseAPI.PageSegMode.PSM_SINGLE_COLUMN, com.googlecode.tesseract.android.TessBaseAPI.PageSegMode.PSM_SINGLE_BLOCK_VERT_TEXT, com.googlecode.tesseract.android.TessBaseAPI.PageSegMode.PSM_SINGLE_BLOCK, com.googlecode.tesseract.android.TessBaseAPI.PageSegMode.PSM_SINGLE_LINE, com.googlecode.tesseract.android.TessBaseAPI.PageSegMode.PSM_SINGLE_WORD, com.googlecode.tesseract.android.TessBaseAPI.PageSegMode.PSM_CIRCLE_WORD, com.googlecode.tesseract.android.TessBaseAPI.PageSegMode.PSM_SINGLE_CHAR, com.googlecode.tesseract.android.TessBaseAPI.PageSegMode.PSM_SPARSE_TEXT, com.googlecode.tesseract.android.TessBaseAPI.PageSegMode.PSM_SPARSE_TEXT_OSD}" />
    </annotation>
  </item>
</root>

